g0-overview	{"id":"_wA017HGJs-6dFIx90Z5Rw","filename":"_wA017HGJs-6dFIx90Z5Rw.webp","mediaType":"image/webp","bytes":null,"sha256":null,"publicUrl":"https://schaffa.dev/f/_wA017HGJs-6dFIx90Z5Rw.webp","scanStatus":"pending","statusUrl":"https://schaffa.dev/f/_wA017HGJs-6dFIx90Z5Rw.webp/status"}
g1-overview-popup	{"id":"OOPihQWwn2kxgXqx5o58uQ","filename":"OOPihQWwn2kxgXqx5o58uQ.webp","mediaType":"image/webp","bytes":null,"sha256":null,"publicUrl":"https://schaffa.dev/f/OOPihQWwn2kxgXqx5o58uQ.webp","scanStatus":"pending","statusUrl":"https://schaffa.dev/f/OOPihQWwn2kxgXqx5o58uQ.webp/status"}
g2-cats	{"id":"PrYXFyDudEjMfxChlaonlQ","filename":"PrYXFyDudEjMfxChlaonlQ.webp","mediaType":"image/webp","bytes":null,"sha256":null,"publicUrl":"https://schaffa.dev/f/PrYXFyDudEjMfxChlaonlQ.webp","scanStatus":"pending","statusUrl":"https://schaffa.dev/f/PrYXFyDudEjMfxChlaonlQ.webp/status"}
g3-work	{"id":"hkVoQ83U-Sc4xiMDHYv34w","filename":"hkVoQ83U-Sc4xiMDHYv34w.webp","mediaType":"image/webp","bytes":null,"sha256":null,"publicUrl":"https://schaffa.dev/f/hkVoQ83U-Sc4xiMDHYv34w.webp","scanStatus":"pending","statusUrl":"https://schaffa.dev/f/hkVoQ83U-Sc4xiMDHYv34w.webp/status"}
g4-build	{"id":"6MHh-fzgIk6JYgUbSJ2dMQ","filename":"6MHh-fzgIk6JYgUbSJ2dMQ.webp","mediaType":"image/webp","bytes":null,"sha256":null,"publicUrl":"https://schaffa.dev/f/6MHh-fzgIk6JYgUbSJ2dMQ.webp","scanStatus":"pending","statusUrl":"https://schaffa.dev/f/6MHh-fzgIk6JYgUbSJ2dMQ.webp/status"}
g5-stores	{"id":"kzcqU-iegZrj4U5AvwlPSw","filename":"kzcqU-iegZrj4U5AvwlPSw.webp","mediaType":"image/webp","bytes":null,"sha256":null,"publicUrl":"https://schaffa.dev/f/kzcqU-iegZrj4U5AvwlPSw.webp","scanStatus":"pending","statusUrl":"https://schaffa.dev/f/kzcqU-iegZrj4U5AvwlPSw.webp/status"}
g6-world	{"id":"8U0zUF7sxN_l-cf_D47__Q","filename":"8U0zUF7sxN_l-cf_D47__Q.webp","mediaType":"image/webp","bytes":null,"sha256":null,"publicUrl":"https://schaffa.dev/f/8U0zUF7sxN_l-cf_D47__Q.webp","scanStatus":"pending","statusUrl":"https://schaffa.dev/f/8U0zUF7sxN_l-cf_D47__Q.webp/status"}
g7-research	{"id":"GuwOab__Cx6rhExZdCXFfQ","filename":"GuwOab__Cx6rhExZdCXFfQ.webp","mediaType":"image/webp","bytes":null,"sha256":null,"publicUrl":"https://schaffa.dev/f/GuwOab__Cx6rhExZdCXFfQ.webp","scanStatus":"pending","statusUrl":"https://schaffa.dev/f/GuwOab__Cx6rhExZdCXFfQ.webp/status"}
g8-narrow	{"id":"frbkupUiQgAjNa6hhsgGdA","filename":"frbkupUiQgAjNa6hhsgGdA.webp","mediaType":"image/webp","bytes":null,"sha256":null,"publicUrl":"https://schaffa.dev/f/frbkupUiQgAjNa6hhsgGdA.webp","scanStatus":"pending","statusUrl":"https://schaffa.dev/f/frbkupUiQgAjNa6hhsgGdA.webp/status"}
g9-control	{"id":"VLulXruGbXkiqKNsXoirvw","filename":"VLulXruGbXkiqKNsXoirvw.webp","mediaType":"image/webp","bytes":null,"sha256":null,"publicUrl":"https://schaffa.dev/f/VLulXruGbXkiqKNsXoirvw.webp","scanStatus":"pending","statusUrl":"https://schaffa.dev/f/VLulXruGbXkiqKNsXoirvw.webp/status"}
p1-alert-popup	{"id":"UwNv0IakMVkbL5Q2Trah7w","filename":"UwNv0IakMVkbL5Q2Trah7w.webp","mediaType":"image/webp","bytes":null,"sha256":null,"publicUrl":"https://schaffa.dev/f/UwNv0IakMVkbL5Q2Trah7w.webp","scanStatus":"pending","statusUrl":"https://schaffa.dev/f/UwNv0IakMVkbL5Q2Trah7w.webp/status"}
p2-sheets	{"id":"UHqSXTd4IscKprpcPb22yg","filename":"UHqSXTd4IscKprpcPb22yg.webp","mediaType":"image/webp","bytes":null,"sha256":null,"publicUrl":"https://schaffa.dev/f/UHqSXTd4IscKprpcPb22yg.webp","scanStatus":"pending","statusUrl":"https://schaffa.dev/f/UHqSXTd4IscKprpcPb22yg.webp/status"}
p3-dock	{"id":"vRNUq_b4bj2Tk1byB4DP5g","filename":"vRNUq_b4bj2Tk1byB4DP5g.webp","mediaType":"image/webp","bytes":null,"sha256":null,"publicUrl":"https://schaffa.dev/f/vRNUq_b4bj2Tk1byB4DP5g.webp","scanStatus":"pending","statusUrl":"https://schaffa.dev/f/vRNUq_b4bj2Tk1byB4DP5g.webp/status"}
00-compare	{"id":"Yve1HfiMolVUQ4yQReC1Qw","filename":"Yve1HfiMolVUQ4yQReC1Qw.webp","mediaType":"image/webp","bytes":null,"sha256":null,"publicUrl":"https://schaffa.dev/f/Yve1HfiMolVUQ4yQReC1Qw.webp","scanStatus":"pending","statusUrl":"https://schaffa.dev/f/Yve1HfiMolVUQ4yQReC1Qw.webp/status"}
d1-hearthwood	{"id":"9-4jcBN1hViIdEpsgWbvbQ","filename":"9-4jcBN1hViIdEpsgWbvbQ.webp","mediaType":"image/webp","bytes":null,"sha256":null,"publicUrl":"https://schaffa.dev/f/9-4jcBN1hViIdEpsgWbvbQ.webp","scanStatus":"pending","statusUrl":"https://schaffa.dev/f/9-4jcBN1hViIdEpsgWbvbQ.webp/status"}
d2-overseer	{"id":"Rb_efEF2Kcqi6zdZGvMkhw","filename":"Rb_efEF2Kcqi6zdZGvMkhw.webp","mediaType":"image/webp","bytes":null,"sha256":null,"publicUrl":"https://schaffa.dev/f/Rb_efEF2Kcqi6zdZGvMkhw.webp","scanStatus":"pending","statusUrl":"https://schaffa.dev/f/Rb_efEF2Kcqi6zdZGvMkhw.webp/status"}
d3-atlas	{"id":"CaiWs3f9lMwZ1ElDRV8Ttw","filename":"CaiWs3f9lMwZ1ElDRV8Ttw.webp","mediaType":"image/webp","bytes":null,"sha256":null,"publicUrl":"https://schaffa.dev/f/CaiWs3f9lMwZ1ElDRV8Ttw.webp","scanStatus":"pending","statusUrl":"https://schaffa.dev/f/CaiWs3f9lMwZ1ElDRV8Ttw.webp/status"}
d4-glass	{"id":"DBjrldcRbOb3RbuPHvM3Ag","filename":"DBjrldcRbOb3RbuPHvM3Ag.webp","mediaType":"image/webp","bytes":null,"sha256":null,"publicUrl":"https://schaffa.dev/f/DBjrldcRbOb3RbuPHvM3Ag.webp","scanStatus":"pending","statusUrl":"https://schaffa.dev/f/DBjrldcRbOb3RbuPHvM3Ag.webp/status"}
d5-deck	{"id":"HaCa95s23cnafzeHXj1F6A","filename":"HaCa95s23cnafzeHXj1F6A.webp","mediaType":"image/webp","bytes":null,"sha256":null,"publicUrl":"https://schaffa.dev/f/HaCa95s23cnafzeHXj1F6A.webp","scanStatus":"pending","statusUrl":"https://schaffa.dev/f/HaCa95s23cnafzeHXj1F6A.webp/status"}
world-bare	{"id":"DHhU2_dGlKOcDwY15oas0g","filename":"DHhU2_dGlKOcDwY15oas0g.webp","mediaType":"image/webp","bytes":null,"sha256":null,"publicUrl":"https://schaffa.dev/f/DHhU2_dGlKOcDwY15oas0g.webp","scanStatus":"pending","statusUrl":"https://schaffa.dev/f/DHhU2_dGlKOcDwY15oas0g.webp/status"}
